bioguide,facebook,facebook_id,govtrack,instagram,instagram_id,thomas,twitter,twitter_id,youtube,youtube_id
R000600,congresswomanaumuaamata,1537155909907320,412664.0,,,02222,RepAmata,3026622545.0,,UCGdrLQbt1PYDTPsampx4t1A
Y000064,RepToddYoung,186203844738421,412428.0,,,02019,RepToddYoung,234128524.0,RepToddYoung,UCuknj4PGn91gHDNAfboZEgQ
E000295,senjoniernst,351671691660938,412667.0,senjoniernst,1582702853.0,02283,SenJoniErnst,2856787757.0,,UCLwrmtF_84FIcK3TyMs4MIw
T000476,SenatorThomTillis,1576257352609470,412668.0,,,02291,senthomtillis,2964174789.0,,UCUD9VGV4SSGWjGdbn37Ea2w
Y000063,CongressmanKevinYoder,154026694650252,412430.0,,,02021,RepKevinYoder,252819642.0,RepYoder,UCCeYmn4A8kZEHCcAfeUW9lQ
Y000062,214258646163,214258646163,412211.0,,,01853,RepJohnYarmuth,384913290.0,RepJohnYarmuth,UCy5KW4yrEfEiyZRX45Eoxkg
Y000033,RepDonYoung,7476269851,400440.0,,,01256,RepDonYoung,37007274.0,RepDonYoung,UCg5ZIR5-82EbJiNeI1bqT-A
W000809,RepSteveWomack,135898413136490,412402.0,,,01991,Rep_SteveWomack,234469322.0,CongressmanWomack,UCXJbUDLYX-wGIhRuN66hqZw
W000808,RepWilson,162327487151626,412412.0,,,02004,RepWilson,234014087.0,repfredericawilson,UCP5QBhng_lHv-vJgE_h7lpA
W000806,RepWebster,188572961157305,412410.0,,,02002,RepWebster,281540744.0,repdanwebster,UCCoX4VdU7U11eGEA0lbRtLw
W000805,MarkRWarner,7935122852,412321.0,senatorwarner,515327940.0,01897,MarkWarner,7429102.0,SenatorMarkWarner,UCwyivNlEGf4sGd1oDLfY5jw
W000804,RepRobWittman,38932542633,412255.0,,,01886,RobWittman,15356407.0,RobWittman,UCIqIb-OaTbkIdU426eYIdPg
W000802,SenatorWhitehouse,194172833926853,412247.0,SenWhitehouse,,01823,SenWhitehouse,242555999.0,SenatorWhitehouse,UCnG0N70SNBkNqvIMLodPTIA
W000800,PeterWelch,72680720883,412239.0,peterwelchvt,1559860900.0,01879,PeterWelch,1410590874.0,reppeterwelch,UC0YfApJx6qNaAQ-ir93U8xA
W000798,RepWalberg,187654104587692,412213.0,,,01855,RepWalberg,237862972.0,RepWalberg,UChpf3_3Wn8f3qSJbsYXrhvg
W000797,RepDWS,88904724121,400623.0,RepDWSTweets,,01777,RepDWStweets,1140648348.0,RepWassermanSchultz,UCfHQiJVvMlYbVAxrMSLdO4w
W000795,JoeWilson,70150469414,400433.0,repjoewilson,519685522.0,01688,RepJoeWilson,254082173.0,RepJoeWilson,UC3aR1B8m7Z1uycO65yDnpCg
W000791,repgregwalden,313301365382225,400419.0,repgregwalden,382962594.0,01596,RepGregWalden,32010840.0,RepGregWalden,UCyaDp6ANSM9tvW7Y3LT_4KQ
W000779,,,300100.0,wydenpress,9443881.0,01247,RonWyden,250188760.0,senronwyden,UCsd3UEaoLoqX60P88BdpGGw
W000437,SenatorWicker,158401580882385,400432.0,senatorwicker,367948073.0,01226,SenatorWicker,264219447.0,SenatorWicker,UCIlKHiTjSkcQP_knBcXHWSg
W000187,MaxineWaters,117483585008,400422.0,,,01205,MaxineWaters,36686040.0,MaxineWaters,UCOQ2js1VYFlo74n7Ns8WsLQ
V000128,chrisvanhollen,109304033877,400415.0,chrisvanhollen,268595235.0,01729,ChrisVanHollen,18137749.0,RepChrisVanHollen,UCkpfJWu1N9Okd6PE_NidtBQ
V000108,repvisclosky,118723661514709,400417.0,,,01188,RepVisclosky,193872188.0,PeteVisclosky1,UC9njNo6tTComo9Kn7imz7Mg
V000081,8037068318,8037068318,400416.0,,,01184,NydiaVelazquez,164369297.0,nydiavelazquez,UCqMKPkKeeHFOOiZ9vxhXGVg
U000039,senatortomudall,106433512869,400413.0,,,01567,SenatorTomUdall,60828944.0,senatortomudall,UCADpIVS6bxOcr-uWnJCC9pQ
U000031,RepFredUpton,212027388827797,400414.0,,,01177,RepFredUpton,124224165.0,RepFredUpton,UCsN16IzEo4ViZNEMgeCrQ7w
T000470,CongressmanScottTipton,191428784201721,412405.0,,,01997,RepTipton,242873057.0,RepScottTipton,UCh9ssh1dvzpr1HOWaFm8rcg
T000469,paul.tonko,30671144824,412319.0,,,01942,RepPaulTonko,84119348.0,reppaultonko,UC3P2SGFmmuCYRsjeso0hOQQ
T000468,CongresswomanTitus,120660834778561,412318.0,dinatitusnv,1110185253.0,01940,RepDinaTitus,122174004.0,CongresswomanTitus,UC_US4jNqECuMSNrB7yVCbbw
T000467,CongressmanGT,14463006747,412317.0,,,01952,CongressmanGT,18967498.0,CongressmanGT,UCNWX7lbWWvnNdzVMFI9DRiQ
T000465,RepTsongas,131079823624873,412254.0,,,01884,NikiInTheHouse,242892689.0,RepTsongas,UCVyHRbyMpIF3_Xfl4LzumCA
T000464,senatortester,210573031664,412244.0,,,01829,SenatorTester,515822213.0,senatorjontester,UCgXAF-CON1coZFMxQkfj0fg
T000463,RepMikeTurner,9275036647,400411.0,,,01741,RepMikeTurner,51228911.0,CongressmanTurner,UC-6Ss-aZ3OPisf9GdVGtN8g
T000462,RepPatTiberi,90452932937,400406.0,pattiberi,1213878120.0,01664,TiberiPress,3145255727.0,PatTiberi,UCr9reyLip23im9SVDJ9IGAg
T000461,senatortoomey,189274047751251,400408.0,,,02085,SenToomey,221162525.0,sentoomey,UCDUM4FFU1p-_YuHqmBglyXw
T000460,RepMikeThompson,7109195747,400403.0,,,01593,RepThompson,303861808.0,CongressmanMThompson,UC6pGbtqHZYZmScFGSz5bbdg
T000250,,,400546.0,,,01534,SenJohnThune,296361085.0,johnthune,UCRu6lpRfxhkDGUrKDgQNZYQ
T000238,repmacthornberry,7760165627,400404.0,,,01155,MacTXPress,377534571.0,RepMacThornberry,UCIfCqubtIZnQDwDS8YNmL2A
T000193,7259193379,7259193379,400402.0,benniegthompson,347410575.0,01151,BennieGThompson,82453460.0,RepBennieThompson,UCzt2pBxh0dI24kYrWretXRw
S001189,RepAustinScott,131177916946914,412417.0,,,02009,AustinScottGA08,234797704.0,RepAustinScott,UC5M7eKHKQStktMyjieiHYZQ
S001187,116058275133542,116058275133542,412461.0,RepSteveStivers,,02047,RepSteveStivers,211420609.0,RepSteveStivers,UCfZrE20pIcR-LeFUV7r2Ixw
S001185,RepSewell,117758198297225,412396.0,,,01988,RepTerriSewell,381152398.0,RepSewell,UCHkEHtfrfUWOFtbUFQTQH7Q
S001184,SenatorTimScott,163207553711385,412471.0,SenatorTimScott,,02056,SenatorTimScott,217543151.0,SenatorTimScott,UCSfAsbG80CNInSKrtpKoL-w
S001183,repdavidschweikert,150338151681908,412399.0,repdavid,181147397.0,01994,RepDavid,229197216.0,RepDavidSchweikert,UCVvuNVzkOUp7p_Pzkc6Zuvw
S001181,SenatorShaheen,127503767282103,412323.0,,,01901,SenatorShaheen,109287731.0,senatorshaheen,UCjLZAZMbDrybHyttdEC9LFA
S001180,repschrader,94978896695,412315.0,,,01950,RepSchrader,20545793.0,repkurtschrader,UCrWRXVaGJtcImc_kknuDsAw
S001177,153423912663,153423912663,412312.0,,,01962,,,CongressmanSablan,UC-fbzxBSiC98eAE2goaANVQ
S001176,RepSteveScalise,50936151681,412261.0,stevescalise,1210937919.0,01892,SteveScalise,1209417007.0,RepSteveScalise,UCmYveHBVXVBRxl7GiCL-gjw
S001175,JackieSpeier,99332606976,412259.0,,,01890,RepSpeier,24913074.0,jackiespeierca12,UCevmyTb0HSO8irVaR2gYyoA
S001172,,,412217.0,,,01860,RepAdrianSmith,296245061.0,RepAdrianSmith,UCIgn2z-hwxx_aeggnyhv54Q
S001165,81058818750,81058818750,412186.0,,,01818,RepSires,18696134.0,RepSiresNJ13,UCfdEcWPNGoIxpYoTANF4PBA
S001157,113303673339,113303673339,400363.0,,,01722,RepDavidScott,168673083.0,RepDavidScott,UCgf28zRkLSqAUiPuJhGdF0w
S001156,CongresswomanLindaSanchez,110685735673141,400355.0,,,01757,RepLindaSanchez,312134473.0,LindaTSanchez,UCu1K6uHxjMgj2mvzM7O9-ow
S001154,Rep.Shuster,54386677806,409888.0,,,01681,RepBillShuster,22527499.0,repshuster,UCEfLAXoX-pV3ETccADGOdXg
S001150,RepAdamSchiff,9086721830,400361.0,,,01635,RepAdamSchiff,29501253.0,adamschiff,UCadiUi-KZoFk1K5ZDsluLcA
S001148,96007744606,96007744606,400376.0,,,01590,CongMikeSimpson,76132891.0,CongMikeSimpson,UCNXe0rJJeULTAP_7oyQNw8g
S001145,janschakowsky,160143957118,400360.0,,,01588,JanSchakowsky,24195214.0,repschakowsky,UCuCHHPSENUEaaeH8n_CYDXQ
S001141,jeffsessions,23444159584,300088.0,,,01548,SenatorSessions,47975734.0,SenatorSessions,UCd5Nv9gL89TCR03kD2SfaIQ
S000770,,,300093.0,,,01531,SenStabenow,76456274.0,senatorstabenow,UCFoDKCvxSwCUfDv-4Eg4K5A
S000583,LamarSmithTX21,107736785195,400381.0,,,01075,LamarSmithTX21,15856366.0,lamarsmithtexas21,UCc2q5flh9dSoyg4W9osGW8Q
S000510,RepAdamSmith,288586617834523,400379.0,,,01528,RepAdamSmith,58928690.0,CongressmanAdamSmith,UCcrHso483LOfC6WwDnzAh-g
S000480,RepLouiseSlaughter,82424647700,400378.0,,,01069,LouiseSlaughter,63169388.0,louiseslaughter,UCm9G5-ikIk62LgZxRnlB7fg
S000364,repshimkus,123916254317516,400373.0,,,01527,RepShimkus,15600527.0,repshimkus,UCVXSvuk-csQRKBI0oPzcEnw
S000344,63158229861,63158229861,400371.0,,,01526,BradSherman,30216513.0,shermanca27,UCPisrz6-SLwVy2l9Mcy8kug
S000320,RichardShelby,50850514797,300089.0,,,01049,SenShelby,21111098.0,SenatorRichardShelby,UCyMzDCRZrmhr_OGDjVuAeJw
S000250,petesessions,367963843082,400367.0,,,01525,PeteSessions,24735461.0,PeteSessions,UCDSBWdAlrCZq2W8P3wR_LCg
S000248,RepJoseSerrano,273446508512,400366.0,repjoseserrano,1422526654.0,01042,RepJoseSerrano,33563161.0,,
S000244,RepSensenbrenner,,400365.0,,,01041,JimPressOffice,851621377.0,RepSensenbrenner,UCUNfNsc2CVsqivJ2wThQF6A
S000185,CongressmanBobbyScott,123839200978190,400364.0,repbobbyscott,1173348983.0,01037,BobbyScott,161791703.0,repbobbyscott,UCdNNcpw8arCsUp55JwK_QAA
S000148,chuckschumer,15771239406,300087.0,,,01036,SenSchumer,17494010.0,SenatorSchumer,UC-ABttxh8uQv_10qmwGaidw
S000033,senatorsanders,9124187907,400357.0,,,01010,SenSanders,29442313.0,senatorsanders,UCD_DaKNac0Ta-2PeHuoQ1uA
R000595,SenatorMarcoRubio,178910518800987,412491.0,,,02084,SenRubioPress,229966028.0,SenatorMarcoRubio,UCh8t7sV_DBKz4A-RkL9feyg
R000593,dennis.ross.376,469477579757018,412411.0,,,02003,RepDennisRoss,33655490.0,RepDennisRoss,UCSjZ4oRWi_sO-aGM9CUBOJQ
R000592,RepToddRokita,183180288372896,412426.0,RepToddRokita,,02017,ToddRokita,17544524.0,reptoddrokita,UCl_wYwGYw1AXiUoqNmwLxzA
R000591,Representative.Martha.Roby,174519582574426,412394.0,,,01986,RepMarthaRoby,224294785.0,reproby,UCeAWQdcSTlwv2vDGz0TQOxQ
R000588,RepRichmond,197737020257085,412432.0,,,02023,RepRichmond,267854863.0,,
R000586,repjimrenacci,187639524595278,412462.0,,,02048,RepJimRenacci,236916916.0,repjimrenacci,UCHTvP1X0dgUU1lrMub4hbLw
R000585,RepTomReed,102449199835273,412393.0,,,01982,RepTomReed,252819323.0,CongressmanTomReed,UC-HFEKIHC7ydVUkxkZOLqTg
R000583,reptomrooney,117697790448,412311.0,,,01916,TomRooney,23970171.0,CongressmanRooney,UCHuDkMfCK3kmCpso7LyI3zA
R000582,DrPhilRoe,130725126985966,412310.0,,,01954,DrPhilRoe,52503751.0,drphilroe,UC8muYurPSNO8x2Qqk40mVOA
R000580,RepRoskam,118777661469195,412202.0,,,01848,PeterRoskam,20015903.0,RoskamIL06,UCk8IZKV_RC1Wr-dh09kzVTw
R000578,repdavereichert,91504302598,400660.0,,,01810,DaveReichert,16102244.0,repdavereichert,UC_Qs1fzY8WlHv6wJ1x7Hotg
R000577,timryan,121560497865,400352.0,,,01756,RepTimRyan,13491312.0,timryanvision,UCjAFlYCheFKjGg_Pxc2VOFA
R000576,184756771570504,184756771570504,400349.0,,,01728,Call_Me_Dutch,305620929.0,ruppersberger,UCk2S9iSHNpo1E1A7qZ0SPIw
R000575,171770326187035,171770326187035,400341.0,repmikerogersal,259435765.0,01704,RepMikeRogersAL,33977070.0,MikeRogersAL03,UCH-WUWuY0_dlKwJDSqKTJsg
R000570,speakerryan,924244934290700,400351.0,SpeakerRyan,,01560,SpeakerRyan,18916432.0,reppaulryan,UC8nMpZAuz-gitzb2icE15Qw
R000515,congressmanbobbyrush,230753786936538,400350.0,,,01003,RepBobbyRush,305216911.0,CongressmanRush,UCbWqxBnS_w_uFTdQAL0YH5g
R000487,EdRoyce,6460640558,400348.0,,,00998,RepEdRoyce,246769138.0,RepEdRoyce,UC9DUiRouRl6Rz6PEvQ4jRPw
R000486,RepRoybalAllard,139773069370563,400347.0,,,00997,RepRoybalAllard,479872233.0,RepRoybalAllard,UC_T_RXWeJ-smmpjdNLOaMcg
R000435,iroslehtinen,286546974761109,400344.0,,,00985,RosLehtinen,14275291.0,IleanaRosLehtinen,UCf6XrWGZHjC7KgRd9JCAuBA
R000395,CongressmanHalRogers,6722039085,400340.0,,,00977,RepHalRogers,550401754.0,RepHalRogers,UChVFKLZkRoHQDhp4zNvEezQ
R000307,SenPatRoberts,205694792808927,300083.0,,,00968,SenPatRoberts,75364211.0,SenPatRoberts,UCRpswvC8LgxzE9AYSFpqUgw
R000122,SenJackReed,213866375370646,300081.0,,,00949,SenJackReed,486694111.0,SenatorReed,UCT_aFVtsjxPwWKfO-PW_hPw
Q000023,repmikequigley,158963645688,412331.0,repmikequigley,1403659583.0,01967,RepMikeQuigley,56864092.0,RepMikeQuigley,UCDP13XegdoZ4bxYHxM34yAA
P000603,SenatorRandPaul,161355253917286,412492.0,senatorrandpaul,541357095.0,02082,,,SenatorRandPaul,UCeM9I-20oWUs8daIIpsNHoQ
P000602,CongressmanPompeo,101965369880683,412431.0,,,02022,RepMikePompeo,244268646.0,congressmanpompeo,UCHxVnNpdjh6jqutY91ufgUw
P000601,stevenpalazzo,186908658003781,412443.0,,,02035,CongPalazzo,299883942.0,CongressmanPalazzo,UCtPOy2vRbN2nD8dQPSOTXeA
P000599,bill.posey15,100000080395369,412309.0,,,01915,CongBillPosey,25086658.0,CongressmanPosey,UCoUwUkDpe1ZYd6tiaZfiMuA
P000598,jaredpolis,53481427529,412308.0,,,01910,JaredPolis,15361570.0,JaredPolis31275,UCJJ1Ye0mOzqZh1_GErFUISw
P000597,ChelliePingree,91529332807,412307.0,,,01927,ChelliePingree,14984637.0,congresswomanpingree,UCLKaWFM7I84WcreDRhhhkVg
P000595,SenatorGaryPeters,88851604323,412305.0,sengarypeters,1640246681.0,01929,SenGaryPeters,236511574.0,RepGaryPeters,UC7LYNbnKSK2VZqQ98YROWHQ
P000594,CongressmanErikPaulsen,128558293848160,412303.0,,,01930,RepErikPaulsen,17513304.0,reperikpaulsen,UC1IOW4Wqox-6gmZbjjGvzLg
P000593,RepPerlmutter,86174496459,412192.0,,,01835,RepPerlmutter,20552026.0,RepPerlmutter,UCJXuMAzxngpEvDdvlE6wS5g
P000592,106631626049851,106631626049851,400652.0,judgetedpoe,438265816.0,01802,JudgeTedPoe,74198348.0,CongressmanTedPoe,UCGdNUkVP16hOyL-fUDV1Knw
P000591,reptomprice,172032960420,400626.0,,,01778,RepTomPrice,6577802.0,RepTomPrice,UCFdG6NwEceyorspUdEduBUg
P000588,RepStevePearce,180280568662135,400313.0,,,01738,RepStevePearce,235271965.0,NMStevePearce,UCaT7jt_M86sDK50eaaVsFvQ
P000523,,,400326.0,,,00930,RepDavidEPrice,155669457.0,RepDavidPrice,UCtX7bSXBLF9ge-Q955n5Vqw
P000449,senrobportman,45243961073,400325.0,senrobportman,370356159.0,00924,SenRobPortman,18915145.0,SenRobPortman,UCwunkd8Zs-yAWKQwnwBp7ew
P000197,NancyPelosi,86574174383,400314.0,,,00905,NancyPelosi,15764644.0,nancypelosi,UCxPeEcH0xaCK9nBK98EFhDg
P000096,pascrell,303312929155,400309.0,,,01510,BillPascrell,74508260.0,RepPascrell,UCIy1Ru8oA14aRjpq6L3i-EQ
P000034,repfrankpallone,6517277731,400308.0,,,00887,FrankPallone,31801993.0,repfrankpallone,UCN0_wn9hs1LI3UKkji2PP2A
O000168,20718168936,20718168936,412302.0,,,01955,RepPeteOlson,20053279.0,,
N000184,,,412475.0,,,02060,RepKristiNoem,235251868.0,RepKristiNoem,UCZPzuVONjRwo5TsrKzbYRVA
N000181,,,400297.0,,,01710,Rep_DevinNunes,344972339.0,RepDevinNunes,UCtbArL6CmOfFqgmpuRjLp3w
N000179,RepGraceNapolitano,163108420409412,400290.0,,,01602,GraceNapolitano,161411080.0,RepGraceNapolitano,UCPWjmiAIR04oQ8QMoOWcDtA
N000147,CongresswomanNorton,61731840657,400295.0,,,00868,EleanorNorton,23600262.0,EleanorHNorton,UChRrAXUGylfxJjbquC6aUjQ
N000032,,,300078.0,,,00859,SenBillNelson,20597460.0,senbillnelson,UC1Iir7_h98mI9-hHzrDJWpw
N000015,325642654132598,325642654132598,400291.0,,,00854,RepRichardNeal,442824717.0,RepRichardENeal,UCZVtTydu0-MSK6G12GaKA4g
N000002,CongressmanNadler,78291598977,400289.0,,,00850,RepJerryNadler,40302336.0,congressmannadler,UCQKj0qU1e7o2f5ftSh-c9aQ
M001183,JoeManchinIII,10150135395755161,412391.0,,,01983,Sen_JoeManchin,234374703.0,SenatorJoeManchin,UCGyPK_ye2ptpzQgOjKIn7ag
M001182,MulvaneySC5,188649667827713,412474.0,,,02059,RepMickMulvaney,240385577.0,RepMickMulvaney,UC9G3WmNenRi-g1zlDMIj4vQ
M001181,CongressmanPatrickMeehan,136000283132824,412466.0,,,02052,RepMeehan,248850174.0,repmeehan,UCfOy3eW-KIg4aI3w_azyY6g
M001180,RepMcKinley,130377260362609,412487.0,,,02074,RepMcKinley,240427862.0,RepDavidMcKinley,UCt7BWx4b8ubXa-PneAu103g
M001179,144408762280226,144408762280226,412468.0,reptommarino,1395145806.0,02053,RepTomMarino,240363117.0,RepMarino,UCL8AvZKY5KuPk0T7G0jv7HA
M001177,81125319109,81125319109,412295.0,,,01908,RepMcClintock,50152441.0,McClintockCA04,UCMh04KC4LfIzKoXh2Xws_pw
M001176,jeffmerkley,74374931545,412325.0,senjeffmerkley,501463589.0,01900,SenJeffMerkley,29201047.0,SenatorJeffMerkley,UCRoXttCJhMnLVCxCaa6VnNQ
M001170,senatormccaskill,131498087618,412243.0,clairecmc,182810702.0,01820,McCaskillOffice,57065141.0,SenatorMcCaskill,UCnarZ9jmNhI-eDcEPBwqMFw
M001166,jerrymcnerney,215241308510238,412189.0,,,01832,RepMcNerney,385429543.0,RepJerryMcNerney,UClUOx6F8GKshxGBUBLkisug
M001165,CongressmanKevinMcCarthy,51052893175,412190.0,RepKevinMcCarthy,,01833,GOPLeader,19739126.0,repkevinmccarthy,UCdJUZUFSLJRlUpE-91-6DsA
M001163,doris.matsui,,400663.0,,,01814,DorisMatsui,38254095.0,RepDorisMatsui,UCSqqxVkvskHq3cY2MCbTZsw
M001160,GwenSMoore,58864029545,400661.0,,,01811,RepGwenMoore,22669526.0,RepGwenMoore,UCCs9o1XaSsCsqNpO0iO0_Ew
M001159,mcmorrisrodgers,321618789771,400659.0,,,01809,CathyMcMorris,17976923.0,mcmorrisrodgers,UCRp0lwIxAhq2Ia9_YgRWUkg
M001158,RepKennyMarchant,6349487899,400656.0,,,01806,RepKenMarchant,23976316.0,RepKennyMarchant,UCQpnTMp5TdTRWEes8cjIfyQ
M001157,michaeltmccaul,6355254859,400654.0,,,01804,RepMcCaul,26424123.0,MichaelTMcCaul,UCRw6sGE0PH7_FCeTT3PQRaA
M001156,CongressmanMcHenry,8045519803,400644.0,reppatrickmchenry,353406473.0,01792,PatrickMcHenry,27676828.0,CongressmanMcHenry,UCY3PTRhkSH-eoltxPVZKD-w
M001153,SenLisaMurkowski,25271170290,300075.0,,,01694,LisaMurkowski,18061669.0,senatormurkowski,UCaigku16AErqvD0wRuwGb9A
M001151,reptimmurphy,105769762798552,400285.0,,,01744,RepTimMurphy,117777832.0,TimMurphyPA18,UCmMrDji88FxLeqgin2ehA9A
M001143,repbettymccollum,153386471383393,400259.0,,,01653,BettyMcCollum04,516880804.0,,
M001137,gregorymeeksny05,1557025818,400271.0,,,01506,GregoryMeeks,22812754.0,gwmeeks,UCljJnwgQS6Z6-NypDyqKJZQ
M001111,,,300076.0,senpattymurray,426137845.0,01409,PattyMurray,293131808.0,SenatorPattyMurray,UCb8jq3TvQ3AzKsexhWfFLoA
M000934,jerrymoran,171578807105,400284.0,senjerrymoran,298271065.0,01507,JerryMoran,18632666.0,senatorjerrymoran,UC1oRxeUPam6-53wPBZ3N02A
M000639,senatormenendez,349744811357,400272.0,senatormenendez,433044338.0,00791,SenatorMenendez,18695134.0,SenatorMenendezNJ,UC0PV0K9Z5a9p3D5917KF5fw
M000355,mitchmcconnell,,300072.0,,,01395,McConnellPress,339822881.0,,
M000312,RepJimMcGovern,148299805224565,400263.0,,,01504,RepMcGovern,242426145.0,repjimmcgovern,UCpiUqp2ZF64tXqgR_EQo27g
M000303,johnmccain,6425923706,300071.0,senjohnmccain,44979810.0,00754,SenJohnMcCain,19394188.0,SenatorJohnMcCain,UC9IJssXDUaKHzwx6gW4wEoA
M000133,EdJMarkey,6846731378,400253.0,,,00735,SenMarkey,3047090620.0,RepMarkey,UCT1ujew5yQy2uMhGrjiKHoA
M000087,RepCarolynMaloney,397176447066236,400251.0,,,00729,RepMaloney,258900199.0,,
L000577,senatormikelee,178081365556898,412495.0,senmikelee,391361701.0,02080,SenMikeLee,88784440.0,senatormikelee,UCplVxs_j_sLAt0fkplXcl4A
L000576,Rep.Billy.Long,139631049438354,412445.0,,,02033,USRepLong,1444015610.0,MOdistrict7,UCLQcbyxpHXXAsUJckscQY8g
L000575,SenatorLankford,130873066975024,412464.0,senatorlankford,1552251018.0,02050,SenatorLankford,225921757.0,SenatorLankford,UCz8T6sK5fEycyWmVz6Vpe5Q
L000573,raul.r.labrador,180970951936493,412419.0,,,02011,Raul_Labrador,246341769.0,RepLabrador,UC1KKgNc0j8CoAGnWEJfhxJA
L000570,RepBenRayLujan,112962521120,412293.0,repbenraylujan,1409819789.0,01939,RepBenRayLujan,19318314.0,Repbenraylujan,UCcO5AmF8HuJo4d0awEbst7Q
L000569,BlaineLuetkemeyer,1358702716,412292.0,,,01931,RepBlainePress,1849261916.0,BLuetkemeyer,UCifiiQclKbBBrkSbCnN6REg
L000567,CongressmanLance,100830109970339,412290.0,,,01936,RepLanceNJ7,613725908.0,CongressmanLance,UCASO5iqjLfU4jo8xKKZIq8g
L000566,boblatta,100000004848334,412256.0,boblatta,26367713.0,01885,BobLatta,15394954.0,CongressmanBobLatta,UCVSBVHoWu-eWnBBQaMKZ_sQ
L000565,DaveLoebsack,291731316748,412209.0,,,01846,DaveLoebsack,510516465.0,congressmanloebsack,UC0biZWEJAKHctxbmXfXJnOg
L000564,CongressmanDougLamborn,45059452286,412191.0,,,01834,RepDLamborn,584012853.0,CongressmanLamborn,UCaYsGYMniq4nwBBMKFIwsow
L000563,repdanlipinski,103286879730089,400630.0,,,01781,RepLipinski,1009269193.0,lipinski03,UC4-dyxzIODTMk1-12QPEpoQ
L000562,repstephenlynch,133720816696865,400249.0,,,01686,RepStephenLynch,310310133.0,RepLynch,UCxL4zG0YWqC5XTO4af_FOgw
L000560,RepRickLarsen,135654683137079,400232.0,,,01675,RepRickLarsen,404132211.0,congressmanlarsen,UCMv7LsJtiyO4AJcbRux5CxQ
L000559,CongressmanJimLangevin,6578978441,400230.0,,,01668,JimLangevin,18909919.0,jimlangevin,UCQ1sth-7umw1k-fSVqdfRTg
L000557,RepJohnLarson,6352928631,400233.0,,,01583,RepJohnLarson,50452197.0,RepJohnLarson,UCGPsvFF-9WfpdRSCcCrPLiQ
L000554,FrankLoBiondo,,400244.0,,,00699,RepLoBiondo,241207373.0,USRepFrankLoBiondo,UCXBUOE1MAEUMNIg67sivY9Q
L000551,RepBarbaraLee,92190287786,400237.0,repbarbaralee,1415801245.0,01501,RepBarbaraLee,248735463.0,RepLee,UCnRgK2MXAQOUau0JXqseeNA
L000491,7872057395,7872057395,400247.0,,,00711,RepFrankLucas,242772524.0,RepFrankLucas,UCdYZbKY8pkWAThqwC3fdVMg
L000480,RepLowey,158290607551599,400246.0,,,00709,NitaLowey,221792092.0,nitalowey,UCkmeBYqhbomcWNNWzQCqcbg
L000397,zoelofgren,221191600719,400245.0,,,00701,RepZoeLofgren,267938462.0,RepZoeLofgren,UCOaQ79adORFcaTuJZoIFuZQ
L000287,RepJohnLewis,82737208404,400240.0,RepJohnLewis,,00688,RepJohnLewis,29450962.0,repjohnlewis,UC_jpkZzdyGhTBGBZ3UTNwjA
L000263,RepSandyLevin,223726364320243,400238.0,,,00683,RepSandyLevin,25781141.0,mi12yes,UCkVlSO4vhgPTgWYzY29Z7Gg
L000174,SenatorPatrickLeahy,178569152181267,300065.0,,,01383,SenatorLeahy,242836537.0,SenatorPatrickLeahy,UC46QHVobf7FO-tWehsRoDog
K000378,RepKinzinger,187811174579106,412421.0,,,02014,RepKinzinger,219429281.0,RepAdamKinzinger,UCjDHxyjndxxhjuPWyEBc7UA
K000376,191056827594903,191056827594903,412465.0,,,02051,MikeKellyPA,935368364.0,repmikekelly,UCoz6u3ooQxoijsWvhoQ0D-A
K000375,Congressman.Keating,183092598372008,412435.0,,,02025,USRepKeating,232992031.0,RepBillKeating,UC7KPV4xdxO2dms9vl6tETmg
K000362,stevekingia,134325379926458,400220.0,,,01724,SteveKingIA,48117116.0,stevekingia,UCvdJ--cxsVyght3ZDise0mw
K000210,,,400219.0,,,00635,RepPeteKing,18277655.0,RepPeterKing,UCbyQC19DsAq01oDBfZn_diw
K000188,repronkind,89152017954,400218.0,,,01498,RepRonKind,112740986.0,RepRonKind,UC0_BilariURHwSHf9baGykg
K000009,RepresentativeMarcyKaptur,173753129419169,400211.0,,,00616,RepMarcyKaptur,581141508.0,USRepMarcyKaptur,UCIJUNf22o09nO02oQPLKQ6w
J000293,senronjohnson,186181661410703,412496.0,,,02086,SenRonJohnson,233737858.0,SenatorRonJohnson,UCG9XyTVtOAs7VX_q_QVHoaw
J000292,RepBillJohnson,170477096312258,412460.0,repbilljohnson,763495818.0,02046,RepBillJohnson,211530910.0,RepBillJohnson,UCtF08Ay71haDRoJosRN2P_Q
J000290,replynnjenkins,6974973662,412284.0,,,01921,RepLynnJenkins,19658173.0,RepLynnJenkins,UCBW06VosGJtZ_wCyGKET5KQ
J000289,repjimjordan,35499336459,412226.0,,,01868,Jim_Jordan,18166778.0,RepJimJordan,UCPFBhS00ivPV585GlnNlyqA
J000288,115356957005,115356957005,412199.0,,,01843,RepHankJohnson,24745957.0,RepHankJohnson,UCqMici9I7nz_i-PN7eSYjwQ
J000255,15083070102,15083070102,400209.0,,,00612,RepWalterJones,26778110.0,RepWalterJones,UCZdvBD1F5FXAQyJFD2aTiWA
J000174,RepSamJohnson,52454091867,400206.0,,,00603,SamsPressShop,249288197.0,RepSamJohnson,UCmzL7gzMX6-bgS9HNt8a8TA
J000126,CongresswomanEBJtx30,84096022067,400204.0,,,00599,RepEBJ,168502762.0,RepEddieBJohnson,UCVKp8BtjW708H4eXJJQgUYw
J000032,169479190984,169479190984,400199.0,,,00588,JacksonLeeTX18,80612021.0,TX18SJL,UCi_S-mOZaEco2Zb9guf_8Iw
I000056,darrellissa,19463427992,400196.0,,,01640,DarrellIssa,22509548.0,repdarrellissa,UCIGKQn89GEpNJ6fDhXGauyw
I000024,jiminhofe,55018309421,300055.0,,,00583,InhofePress,20546536.0,jiminhofepressoffice,UCk3W3ilX8vGG-300qzNpG7w
H001061,SenatorJohnHoeven,194483057244478,412494.0,senjohnhoeven,1237544252.0,02079,SenJohnHoeven,382791093.0,senatorjohnhoevennd,UC1kQIC2Q_Fq9_NRqdb6eHiw
H001059,RepHultgren,186221644739359,412422.0,,,02015,RepHultgren,237814920.0,rephultgren,UCJ6Gvza8hdNmUfoaJEN8dbg
H001058,RepHuizenga,145764842143763,412437.0,,,02028,RepHuizenga,233949261.0,RepHuizenga,UCQPlLLiMnysMmeJ5qUSSjQg
H001056,herrerabeutler,177551525610164,412486.0,,,02071,HerreraBeutler,242926427.0,RepHerreraBeutler,UCJEgiA9clfx0amrQUj0aBTQ
H001053,Congresswoman.Hartzler,183580061667324,412444.0,rephartzler,787899303.0,02032,RepHartzler,237763317.0,repvickyhartzler,UCAvttUz6qBVEJiFt7p_MZxw
H001048,DuncanHunter,79072979038,412283.0,,,01909,Rep_Hunter,1305596696.0,CongressmanHunter,UCV9GfB1e4RILcqb_zXYCDSA
H001047,CongressmanJimHimes,85767418619,412282.0,,,01913,JAHimes,31611298.0,congressmanhimes,UCCeB6czh6nhCHxOMCk_V4yA
H001046,MartinHeinrich,137523189213,412281.0,senatormartinheinrich,285288987.0,01937,MartinHeinrich,1099199839.0,SenMartinHeinrich,UCBxh8IK5sMxY0Ln_0G2NYcg
H001045,GreggHarper,48248435938,412280.0,,,01933,GreggHarper,23712174.0,congressmanharper,UC9UIowW9bhstVTiMX8znppQ
H001042,senatorhirono,,412200.0,maziehirono,304094084.0,01844,MazieHirono,92186819.0,CongresswomanHirono,UCcoKhxad156flzPYJ8JMFOA
H001041,SenDeanHeller,325751330177,412218.0,,,01863,SenDeanHeller,266133081.0,SenDeanHeller,UCTS6f940sIirkO6ICyx4ksw
H001038,RepBrianHiggins,88144056440,400641.0,,,01794,RepBrianHiggins,33576489.0,CongressmanHiggins,UCSGbv85HaaYYOrPGePtxwag
H001036,RepHensarling,7875604788,400175.0,,,01749,RepHensarling,18566912.0,repjebhensarling,UCjZWXpz6wypzbL8nK0JNEvg
H000874,WhipHoyer,282861997886,400189.0,repstenyhoyer,51616645.0,00566,WhipHoyer,22012091.0,LeaderHoyer,UCvxgqX65cdhHNjJn64cgY9g
H000338,senatororrinhatch,,300052.0,,,01351,SenOrrinHatch,262756641.0,SenatorOrrinHatch,UCQUPyPV_SR435OsPiFNIWPQ
H000324,95696782238,95696782238,400170.0,,,00511,RepHastingsFL,2433737761.0,RepAlceeHastings,UCaXXiR3YjMuPIlIGRGNnm8A
G000568,RepMorganGriffith,141893975868919,412485.0,,,02070,RepMGriffith,234057152.0,RepMorganGriffith,UCzxqD7EY_Rdvbc0spbaYkJA
G000566,143059759084016,143059759084016,412473.0,,,02058,TGowdySC,237348797.0,TGowdySC,UCVvxvugtuNZSygB4z4aVfsg
G000565,repgosar,104329699641957,412397.0,,,01992,RepGosar,240760644.0,repgosar,UC5orqw_9acsKWSRbrqTDXBw
G000563,RepBobGibbs,191159267565100,412463.0,,,02049,RepBobGibbs,234822928.0,RepBobGibbs,UC4J-kVbeE32Up-b_wTLEUmA
G000562,SenCoryGardner,160924893954206,412406.0,sencorygardner,1643152643.0,01998,SenCoryGardner,235217558.0,,UC7Vi5vAFb7piu_BNwrYDBxQ
G000560,reptomgraves,104548906262119,412388.0,reptomgraves,241591770.0,01979,RepTomGraves,190328374.0,CongressmanGraves,UCBxeA4MWCmfUox57bUTEH0g
G000559,repgaramendi,182567716746,412382.0,,,01973,RepGaramendi,88806753.0,garamendiCA10,UCRym1qsO72C39gX6pBu4icg
G000553,repalgreen,136237609724391,400653.0,,,01803,RepAlGreen,156333623.0,RepAlGreen,UCFtgMZm1YUXaZ8OtOj-GDjA
G000552,50375006903,50375006903,400651.0,,,01801,RepLouieGohmert,22055226.0,GohmertTX01,UC0HMa6X3iMhMq96kkRLLTog
G000551,Rep.Grijalva,73539896233,400162.0,,,01708,RepraulGrijalva,28602948.0,raulgrijalvaaz07,UC8JZLnXS21bhNbcvpoM8O7g
G000535,RepGutierrez,91052833204,400163.0,,,00478,LuisGutierrez,322013313.0,repluisgutierrez,UCLooufcInrRP1FQn_WY9yDA
G000410,RepGeneGreen,128735131872,400160.0,,,00462,RepGeneGreen,111635527.0,RepGeneGreen,UCc6B7e8ontd_yKsPt_6w2oA
G000386,grassley,106480645796,300048.0,,,00457,ChuckGrassley,10615232.0,senchuckgrassley,UCiCPRkcLMInpDeOqGkMTt4w
G000377,RepKayGranger,49640749719,400157.0,,,01487,RepKayGranger,161743731.0,RepKayGranger,UCsRMtemAkyLh78MPES6gMVQ
G000359,USSenatorLindseyGraham,257937783228,300047.0,,,00452,GrahamBlog,14845376.0,USSenLindseyGraham,UClLGZMA5Ei2Z8fR1PLEx6yQ
G000289,BobGoodlatte,6459789414,400154.0,,,00446,RepGoodlatte,37920978.0,RepBobGoodlatte,UCvjZ1XhXidxiyfm2ICEbNKg
F000461,RepBillFlores,146176682102245,412480.0,,,02065,RepBillFlores,237312687.0,RepBillFlores,UCA7MgQ_ccBlCqoxV56B6nmA
F000460,BlakeFarenthold,186894244673001,412482.0,Farenthold,,02067,Farenthold,17896154.0,BlakeFarenthold,UC-xQNCjaivVnqozyXtjcqww
F000459,repchuck,189998554345168,412476.0,,,02061,RepChuck,235190657.0,repchuck,UCTtRrJkM-R-f2K0byCMvHgw
F000455,RepMarciaLFudge,279006440801,412327.0,repmarciafudge,1395168201.0,01895,RepMarciaFudge,153486399.0,marcialfudge,UClmYIIhIcL-WwtBAy1Dhokg
F000450,RepVirginiaFoxx,,400643.0,,,01791,VirginiaFoxx,16256269.0,repvirginiafoxx,UCggineJcxJn80TRXxdQbx6w
F000449,jefffortenberry,48426842354,400640.0,,,01793,JeffFortenberry,18805303.0,JeffFortenberry,UCbWUvw3gQhbFyJzt1Nh6cAA
F000448,TrentFranks,209486545087,400141.0,,,01707,RepTrentFranks,24773493.0,,
F000444,senatorjeffflake,,400134.0,,,01633,JeffFlake,16056306.0,flakeoffice,UCPSnRxko_G21KzwgXmOZaeQ
F000062,senatorfeinstein,334887279867783,300043.0,,,01332,SenFeinstein,476256944.0,SenatorFeinstein,UCtVC--6LR0ff2aOP8THpuEw
E000288,Keith.Ellison,7997462059,412215.0,,,01857,KeithEllison,14135426.0,RepKeithEllison,UCR_QMi3wGy7xPUZxaIRi9QA
E000285,mikeenzi,23068049436,300041.0,,,01542,SenatorEnzi,291756142.0,senatorenzi,UCipEXEDAKVPj_B0cQjaikEA
E000215,RepAnnaEshoo,174979964227,400124.0,RepAnnaEshoo,,00355,RepAnnaEshoo,249348006.0,RepAnnaEshoo,UCjRvhco2d59GBgA78IIIaYQ
E000179,RepEliotLEngel,103355984852,400122.0,,,00344,RepEliotEngel,164007407.0,engel2161,UCZ-ctBF-a6CYPJWDoBV_JyA
D000616,ScottDesJarlaisTN04,,412477.0,desjarlaistn04,260930821.0,02062,DesJarlaisTN04,235312723.0,ScottDesJarlaisTN04,UCvjuSLoi3hS0ECQvJLhwOkA
D000615,RepJeffDuncan,187268144624279,412472.0,repjeffduncan,382897929.0,02057,RepJeffDuncan,240393970.0,congjeffduncan,UC1tuXL6ymImdpKYGEAH83QA
D000614,RepSeanDuffy,119657691436457,412488.0,repseanduffy,367550700.0,02072,RepSeanDuffy,234022257.0,RepSeanDuffy,UChq-eV2HnV7Kr2zmj0yua7g
D000612,RepJeffDenham,133714040028137,412403.0,repjeffdenham,380008060.0,01995,RepJeffDenham,248699486.0,repjeffdenham,UCm59PEM_tgTvhm5-wIfnrRg
D000610,CongressmanTedDeutch,112179098816942,412385.0,,,01976,RepTedDeutch,137794015.0,congressmanteddeutch,UC1JlTLRUDkzhM2htvI9QJTA
D000607,senatordonnelly,168059529893610,412205.0,sendonnelly,280911627.0,01850,SenDonnelly,216503958.0,sendonnelly,UC7H5Lz0BUaTRlWXk9QsIwsg
D000604,CongressmanDent,69862092533,400648.0,,,01799,,,CongressmanDent,UCoC_r0R2M_74UVrH4A44awQ
D000600,mdiazbalart,119538428117878,400108.0,repmariodb,316477657.0,01717,MarioDB,37094727.0,MarioDiazBalart,UCpEEd0Plxx5D78pI4a4mFTQ
D000563,SenatorDurbin,180436795325335,300038.0,,,00326,SenatorDurbin,247334603.0,SenatorDurbin,UCkbixlNCxcKAffEhe3X5-lw
D000533,CongressmanDuncan,102385999834718,400116.0,,,00322,RepJohnDuncanJr,1883356866.0,RepJohnDuncan,UCCpcKqQfp9gVkeD1t7uYLKQ
D000482,usrepmikedoyle,79663724861,400114.0,,,00316,USRepMikeDoyle,39249305.0,CongressmanDoyle,UCni9vINmgerEeVXhKCC9qbA
D000399,lloyddoggett,154050553704,400111.0,,,00303,RepLloydDoggett,153944899.0,doggett,UCN-kiLKyHPcfRVZ28sAHS_g
D000216,CongresswomanRosaDeLauro,181302611907634,400103.0,,,00281,RosaDeLauro,140519774.0,rosadelauro,UC9ROfGBm7kSLCEDYwFF6McQ
D000197,DianaDeGette,110757973488,400101.0,,,01479,RepDianaDeGette,28599820.0,RepDianaDeGette,UCWFQCRTHwsHg9P1Hf-EQtew
D000191,RepPeterDeFazio,94324364811,400100.0,,,00279,RepPeterDeFazio,252249233.0,PeterDeFazio,UCIF3HunhsVgTv7L2grnq2Rg
C001088,senatorchriscoons,254950754518205,412390.0,senatorchriscoons,25194715.0,01984,SenCoonsOffice,435500714.0,senatorchriscoons,UC2lOVbsddn1HIkcDnmCw6tA
C001087,RepRickCrawford,143344975723788,412400.0,reprickcrawford,389864684.0,01989,RepRickCrawford,233693291.0,RepRickCrawford,UCLKAkVl4BHRK73lmDiIgPYg
C001084,CongressmanDavidCicilline,186949061341027,412470.0,,,02055,RepCicilline,462143773.0,RepDavidCicilline,UC3sCl46o8hYP69LnidNltuw
C001080,RepJudyChu,41228315130,412379.0,,,01970,RepJudyChu,193732179.0,RepJudyChu,UCfcbYOvdEXZNelM8T05nK-w
C001078,CongressmanGerryConnolly,177164035838,412272.0,,,01959,GerryConnolly,78445977.0,repconnolly,UC4WG9PlmoOeSLIuyVjs-RSA
C001077,repmikecoffman,366142384492,412271.0,,,01912,RepMikeCoffman,19407835.0,CongressmanCoffman,UCBCe9Os3VRutyBw3aLhYq5g
C001076,CongressmanJasonChaffetz,390419731073316,412270.0,jasoninthehouse,217804604.0,01956,JasonInTheHouse,17800215.0,JasonChaffetz,UCPRdJWDBUYfZaMYaPQfoNnQ
C001072,CongressmanAndreCarson,123884330964019,412258.0,,,01889,RepAndreCarson,199325935.0,repandrecarson,UCprUnnEgM2VUGmAKSaZXCSw
C001071,bobcorker,109251415789533,412248.0,senbobcorker,390025816.0,01825,SenBobCorker,73303753.0,senatorcorker,UCm7if_szz7DxfcdYGrywHSA
C001070,SenatorBobCasey,107749545944874,412246.0,,,01828,SenBobCasey,171598736.0,SenatorBobCasey,UCtVssXhx-KuZa-hSvnsnJ0A
C001069,joecourtney,330408799230,412193.0,,,01836,RepJoeCourtney,85396297.0,repcourtney,UCGVIfe1T2hO1Lx7ap5Wkv1w
C001068,CongressmanSteveCohen,111456965545421,412236.0,,,01878,RepCohen,162069635.0,repcohen,UC_NJlnsOBjOameUwZk0rvsA
C001067,repyvettedclarke,135031389892682,412221.0,,,01864,YvetteClarke,240812994.0,repyvetteclarke,UC8SuQiuL2P9fUHAxuRoTdUQ
C001063,152569121550,152569121550,400657.0,,,01807,RepCuellar,210926192.0,henrycuellar,UCVgEOdJx3tyILO9EjZ-heEQ
C001062,mike.conaway,203482063021985,400655.0,,,01805,ConawayTX11,295685416.0,mikeconaway11,UCR3dhwhVfxmmqv6ct2Xa1-g
C001061,emanuelcleaverii,7954512692,400639.0,,,01790,RepCleaver,163570705.0,repcleaver,UCVC-7CLFjXczoihr5FxDLsw
C001059,RepJimCosta,,400618.0,,,01774,RepJimCosta,245451804.0,RepJimCostaCA20,UCVgXX23eJEai6GiBOKO6dvA
C001056,sen.johncornyn,75755694423,300027.0,,,01692,JohnCornyn,13218102.0,senjohncornyn,UCyQwLQavlOaJ64YuY_VMtiQ
C001053,TomColeOK04,146497782066300,400077.0,TomColeOK04,,01742,TomColeOK04,23124635.0,reptomcole,UCvqzPm_YnNkfEHpm3SEMJMQ
C001051,judgecarter,1287257083,400068.0,repcarter,456560563.0,01752,JudgeCarter,18030431.0,repjohncarter,UC9pkaOrhPfouzkJ8oAdI-1w
C001049,109135405838588,109135405838588,400074.0,,,01654,,,WilliamLacyClay,UCB3yVQzlxhx3brOwaWtiXoQ
C001048,CongressmanCulberson,1751723339,400089.0,,,01670,CongCulberson,24183358.0,johnculbersontx07,UCv9NX2RA2jQQniHohgqy_KQ
C001047,senshelley,8057864757,400061.0,sencapito,1640447624.0,01676,SenCapito,193794406.0,UCbiXdR4XQ3vD9Xp5lfR9QXw,UCbiXdR4XQ3vD9Xp5lfR9QXw
C001038,repjoecrowley,176197712425090,400087.0,,,01604,RepJoeCrowley,111635980.0,RepJoeCrowley,UCni23wivejzkS9G1L_XEBQw
C001037,RepMichaelCapuano,151168844937573,400063.0,,,01564,RepMikeCapuano,,RepMikeCapuano,UCvzAdbimlJksgZjEMQn0kuw
C001035,susancollins,7593313361,300025.0,,,01541,SenatorCollins,19726613.0,SenatorSusanCollins,UC6GYaBx5kT2r4PN8KENxC-w
C000984,elijahcummings,291368465380,400090.0,,,00256,RepCummings,787373558.0,ElijahECummings,UCMasH4jR80RdkqyuF0neFZg
C000880,mikecrapo,80335332266,300030.0,mikecrapo,329357214.0,00250,MikeCrapo,600463589.0,senatorcrapo,UCMHzKHg1BE7dEcFjnayw1lA
C000754,JimCooper,,400081.0,repjimcooper,1037212884.0,00231,RepJimCooper,22523087.0,RepJimCooper,UCjplyIIQbNZcl013AyDfPNg
C000714,CongressmanConyers,206947066849,400080.0,,,00229,RepJohnConyers,138770045.0,JCMI14,UCzlwBp7_m0t3f2UiFubvWgg
C000537,jameseclyburn,127744320598870,400075.0,,,00208,Clyburn,188019606.0,repjamesclyburn,UCIyU_UA_JEa14gvAwhquKqg
C000266,RepSteveChabot,204705339555378,400071.0,repstevechabot,481906395.0,00186,RepSteveChabot,237750442.0,congressmanchabot,UCJpzm2DZDE1B6ruQLQc7q4g
C000174,tomcarper,124891107521733,300019.0,,,00179,SenatorCarper,249787913.0,senatorcarper,UCgLnvbKwu4B3navofj6Qvvw
C000141,senatorbencardin,120421834675191,400064.0,,,00174,SenatorCardin,109071031.0,senatorcardin,UCiQaJnMzlfzzG3VESgyZChA
C000127,,,300018.0,,,00172,SenatorCantwell,117501995.0,SenatorCantwell,UCN52UDqKgvHRk39ncySrIMw
C000059,70063393423,70063393423,400057.0,,,00165,KenCalvert,22545491.0,RepKenCalvert,UC5MEj7YOX_QdKoqD_HRxP3A
B001277,SenBlumenthal,289987304364966,412490.0,,,02076,SenBlumenthal,278124059.0,SenatorBlumenthal,UCHH-fn3_LVt0Q4od56rOi5g
B001275,RepLarryBucshon,135670516492974,412427.0,,,02018,RepLarryBucshon,234812598.0,RepLarryBucshon,UC0bIliQs0LKZabNwvZ3gnhQ
B001274,155220881193244,155220881193244,412395.0,,,01987,RepMoBrooks,237299871.0,RepMoBrooks,UCgsPSY0MpuQJq8vEqYUSt-g
B001273,DianeBlackTN06,186436274719648,412478.0,repdianeblack,371192551.0,02063,RepDianeBlack,110545675.0,RepDianeBlack,UCREZGYWeFh6-gfodmoWVUFg
B001270,RepKarenBass,190867440939405,412404.0,,,01996,RepKarenBass,239949176.0,RepKarenBass,UCQZg7oxkV3Yag2emYPLhT2g
B001269,CongressmanLouBarletta,192357174108435,412469.0,,,02054,RepLouBarletta,239871673.0,reploubarletta,UChViw1Iv0nY1b3Qq9Q0vDBQ
B001267,senatorbennet,97172997732,412330.0,,,01965,SenBennetCo,224285242.0,SenatorBennet,UCXB3cljpMwTyCUyLr2ZVLow
B001261,johnbarrasso,21146775942,412251.0,,,01881,SenJohnBarrasso,202206694.0,barrassowyo,UC80PfiCAB2Fe1MFayWlR6GQ
B001260,CongressmanBuchanan,67106719910,412196.0,repvern,344865327.0,01840,VernBuchanan,20467163.0,vernbuchanan,UCY4DEy41NxOTdcF8_XAVZvw
B001257,GusBilirakis,135445766485586,412250.0,,,01838,RepGusBilirakis,26051676.0,RepGusBilirakis,UC2z1uu1n4-60xXs5x1mvLJw
B001251,congressmangkbutterfield,274687979233940,400616.0,,,01761,GKButterfield,432676344.0,GKBNC01,UCbodCVgLfcbaep49L1M-mqA
B001250,RepRobBishop,,400029.0,,,01753,RepRobBishop,148006729.0,CongressmanBishop,UCJC2BXNGQEUom7Tp7FKfxlQ
B001248,michaelcburgess,6916472567,400052.0,,,01751,MichaelCBurgess,15751083.0,michaelcburgessmd,UCvvO8lo-Nkc31cEEElqQvQw
B001243,marshablackburn,6470828395,400032.0,,,01748,MarshaBlackburn,278145569.0,RepMarshaBlackburn,UCvNnmu5mUm7xr8QXBlbtQ9w
B001236,JohnBoozman,7686715735,400040.0,,,01687,JohnBoozman,5558312.0,BoozmanPressOffice,UC9vWHKL5OfIYh6kIV0rF2yw
B001227,RepRobertBrady,118845109487,400047.0,repbrady,1405678385.0,01469,RepBrady,148453195.0,BradyPA01,UCHbTbPH6iCtaA_AKPwDy04A
B001135,SenatorRichardBurr,132653626787856,400054.0,,,00153,SenatorBurr,21157904.0,SenatorRichardBurr,UCOLLZpp-1womBSFDV2uLfag
B000944,,,400050.0,,,00136,SenSherrodBrown,43910797.0,SherrodBrownOhio,UCgy8jfERh-t_ixkKKoCmglQ
B000755,kevinbrady,9307301412,400046.0,repkevinbrady,337613850.0,01468,RepKevinBrady,19926675.0,KBrady8,UC6Ng0uMQEBVgXO_HF0NbfXA
B000575,SenatorBlunt,142473042477322,400034.0,royblunt,21185436.0,01464,RoyBlunt,21269970.0,SenatorBlunt,UCFeLRzjhThTmaWzuh5qjpGA
B000574,,,400033.0,,,00099,BlumenauerMedia,137823987.0,RepBlumenauer,UCuziVoKuGn7feNA5VrpxsBQ
B000490,sanfordbishop,366739521606,400030.0,,,00091,SanfordBishop,249410485.0,RepSanfordBishop,UCxF9veLBrkr_CqVq5eFYVGg
B000287,XavierBecerra,90311772229,400021.0,repbecerra,1216529275.0,00070,RepBecerra,133832049.0,XavierBecerra,UCoY0rJzkgkl1TmoKTUKTI6w
B000213,RepJoeBarton,15617630596,400018.0,,,00062,RepJoeBarton,19929362.0,repjoebarton,UC9zg5RmxfNdBfz4iZuzvWXg
A000367,repjustinamash,173604349345646,412438.0,,,02029,,,repjustinamash,UCeg6HhoCXrS8xpON9dxtZgA
A000360,senatorlamaralexander,89927603836,300002.0,senlamaralexander,1156775647.0,01695,SenAlexander,76649729.0,lamaralexander,UChDLBjn5RWqgMmCSswT05IQ
A000055,RobertAderholt,19787529402,400004.0,,,01460,Robert_Aderholt,76452765.0,RobertAderholt,UC71CAgpg1gbLTew_pfTneGA
B001245,madeleine.bordallo,161729837225622,400041.0,,,01723,,,,
D000617,RepDelBene,483962224987343,412505.0,,,02096,RepDelBene,995193054.0,,UCd00b7TpKDZIr-Ujhaktvjg
B001278,congresswomanbonamici,252633384817156,412501.0,,,02092,RepBonamici,558769636.0,RepSuzanneBonamici,UC0IkAeEiwgzSRTD1TDSvuBw
C000567,,,300023.0,,,00213,SenThadCochran,555474658.0,sencochran,UCTnKP_ye7nI5DEn_zreaa3g
K000383,SenatorAngusSKingJr,142803045874943,412545.0,,,,SenAngusKing,1068481578.0,SenatorAngusKing,UCpp6lGvrmt0XU_lnD4Ak0gA
A000369,MarkAmodeiNV2,307227745970624,412500.0,MarkAmodeiNV2,,02090,MarkAmodeiNV2,402719755.0,markamodeinv2,UCjOGx2iqSn1r3BQxaVgYhYw
L000580,RepLujanGrisham,191640657646128,412558.0,replujangrisham,379143191.0,02146,RepLujanGrisham,1061385474.0,RepLujanGrisham,UCS_N-wEnUBEbVYCD-CXpNjw
D000621,RepDeSantis,464253846966014,412526.0,,,02116,RepDeSantis,1058807868.0,RepRonDeSantis,UCRM1qBatq45tZxRqYeUa02g
D000620,congressmanjohndelaney,324527257655694,412544.0,,,02133,RepJohnDelaney,937723303.0,repjohndelaney,UC-Sz2M53ZYi_8MvapFKZJiw
S001193,CongressmanEricSwalwell,450130878375355,412514.0,repswalwell,338799200.0,02104,RepSwalwell,942156122.0,ericswalwell,UCKvwsFNGD4sDkE_9g-2ft0w
M001190,CongressmanMarkwayneMullin,453637624684399,412568.0,,,02156,RepMullin,1060370282.0,,
K000379,301936109927957,301936109927957,412543.0,repkennedy,1328567154.0,02172,RepJoeKennedy,1055907624.0,,UCgfHlaGqxD8p-2V_YlNIqrA
B001284,congresswomansusanwbrooks,517697358277175,412539.0,susanwbrooks,365798183.0,02129,SusanWBrooks,1074101017.0,SusanWBrooks,UCMd7LzaBcbQ06aKHoj9KkSQ
W000813,RepJackieWalorski,466876036704525,412538.0,,,02128,RepWalorski,1065995022.0,repwalorski,UC8fsSDjVJ_VnCF3ccx3Lkng
R000597,reptomrice,403403083083104,412572.0,,,02160,RepTomRice,1058345042.0,RepTomRice,UCEmPVQphMGoXAfWJli68BEw
M001188,repgracemeng,195734010571362,412560.0,,,02148,RepGraceMeng,1051127714.0,,UCHg516zJKbIBtXFAJ0nu3XQ
M001189,RepLukeMesser,367444640018564,412540.0,,,02130,RepLukeMesser,1045853744.0,RepLukeMesser,UC9NKMvZuY2koTf1iVurxicw
M001185,RepSeanMaloney,551199354892891,412562.0,,,02150,RepSeanMaloney,1072467470.0,,UCNiVzzf4Vz-vCMPBcnjGuXQ
H001064,CongressmanDennyHeck,547907568553615,412584.0,,,02170,RepDennyHeck,1068499286.0,RepDennyHeck,UCU89cl5_yhHzo-oTHiEyaRg
H001065,CongressmanGeorgeHolding,384164668340890,412553.0,,,02143,RepHolding,1058460818.0,repholding,UCx6IgBfJmIhXSXymnPr78hw
N000127,UsRepRickNolan,388085277945339,408211.0,,,00867,USRepRickNolan,1055685948.0,USRepRickNolan,UCmGkPQXVR8GzVAPXN54AoXg
T000472,RepMarkTakano,262447300551014,412520.0,,,02110,RepMarkTakano,1037321378.0,RepMarkTakano,UCJg4F1irmSFeKoXZBaZbX2w
J000294,RepHakeemJeffries,118349138343701,412561.0,,,02149,RepJeffries,467823431.0,,UCYVmbsjoNbQ4j-PCQIYgpWQ
J000295,RepDaveJoyce,404318572981934,412566.0,repdavejoyce,360743678.0,02154,RepDaveJoyce,976969338.0,repdavejoyce,UCTu9xz2VYk-jtQv0TVsLyYA
L000579,RepLowenthal,392631677490897,412521.0,,,02111,RepLowenthal,1055730738.0,RepLowenthal,UC-GgROtn5Hxm1H9a6qvy_Wg
C001093,RepresentativeDougCollins,505646972800006,412531.0,,,02121,RepDougCollins,1060487274.0,repdougcollins,UCgKTZXOJX2UwAdLNZ4MQdig
W000814,TXRandy14,128891177274584,412574.0,,,02161,TXRandy14,1058051748.0,TXRandy14,UCJSZRrAcd5i1bHLjR66PZdg
K000381,derek.kilmer,450819048314124,412583.0,,,02169,RepDerekKilmer,1058917562.0,,
G000571,RepTulsiGabbard,392284484191405,412532.0,,,02122,TulsiPress,1064206014.0,tulsipress,UCkQmC0YfIU4388Tu0_k4esA
D000618,SteveDainesMT,185361254941832,412549.0,stevedaines,371125857.0,02138,SteveDaines,11651202.0,SteveDainesMT,UC-ny-W5mEUGytiyMdXbQ20Q
Y000065,CongressmanTedYoho,563532937006022,412525.0,,,02115,RepTedYoho,1071900114.0,RepTedYoho,UCGmDQgEgP2Z0NjavmnS9Hwg
E000293,RepEsty,292076514228382,412524.0,,,02114,RepEsty,1060984272.0,RepEsty,UCJoc9OfUHVbx0Z7V055sbCA
K000382,CongresswomanAnnieKuster,115543081952049,412557.0,,,02145,RepAnnieKuster,1058717720.0,RepKuster,UCYAD_Eti2b5gXSicbgPsBYA
K000380,RepDanKildee,484166588292670,412546.0,repdankildee,582887115.0,02134,RepDanKildee,1045110018.0,RepDanKildee,UC_KpQ-n3IT5dL5ul21XA9Yw
C001090,CongressmanMattCartwright,248507065275406,412571.0,,,02159,RepCartwright,776664410.0,,UCnAOvexSGLBnYidaFzguhTQ
C001095,SenatorTomCotton,120355701459307,412508.0,,,02098,SenTomCotton,968650362.0,RepTomCotton,UCXEk6mokWBajIpNatbjnwSg
B001286,RepCheri,581909665168588,412537.0,,,02127,RepCheri,1092979962.0,RepCheri,UCrkOYuIsVeb4dvKeeO7jnaA
B001287,RepAmiBera,528662157146886,412512.0,,,02102,RepBera,950783972.0,repamibera,UClJCTCo53Zk6b4kUL-bbdzg
F000454,CongressmanBillFoster,102918290599,412257.0,,,01888,RepBillFoster,1080509366.0,RepBillFoster,UCicixINQr_-3cFHI2bJzFpQ
P000606,congressmanpittenger,376142742468386,412551.0,,,02141,RepPittenger,950328072.0,CongressmanPittenger,UCPr1MiyBx6K6wH3zgMWFtMQ
M001187,Repmarkmeadows,409882952423501,412552.0,,,02142,RepMarkMeadows,963480595.0,RepMarkMeadows,UCu1unBO6gQdCz3qok5LPFGQ
F000462,RepLoisFrankel,138220153003017,412529.0,,,02119,RepLoisFrankel,1077121945.0,reploisfrankel,UCEk5viAhxaW_2OK20-yBwzQ
H001067,RepRichHudson,212153802255530,412550.0,,,02140,RepRichHudson,935033864.0,RepRichHudson,UC9Q1qCvnQR7rHERjTjJl5Pg
V000131,CongressmanMarcVeasey,394849110600016,412579.0,repveasey,676925345.0,02166,RepVeasey,1074129612.0,marcveasey,UC2CRp1KF5uljZyhDRPR-72Q
V000132,USCongressmanFilemonVela,510462622331477,412580.0,,,02167,RepFilemonVela,1083448909.0,,
P000605,Rep.ScottPerry,376801102416184,412569.0,repscottperry,519463466.0,02157,RepScottPerry,18773159.0,RepScottPerry,UCzgrU5PT_HHRgf5hXPen4dQ
R000599,CongressmanRaulRuizMD,245244468941114,412519.0,,,02109,CongressmanRuiz,1089859058.0,repraulruiz,UCSDk-cyNPCo1iy6rweSPmBw
C001094,RepPaulCook,464458413604093,412513.0,,,02103,RepPaulCook,1074412920.0,RepPaulCook,UCqK--hf5cuvg7BR_oisyRiA
C001096,CongressmanKevinCramer,498751820147706,412555.0,,,02144,RepKevinCramer,1048784496.0,kevincramer,UCqUPdO9XaAW-dvwwXKbIVdA
C001092,RepChrisCollins,467047586692268,412563.0,repchriscollins,379808544.0,02151,RepChrisCollins,1058256326.0,RepChrisCollins,UCSwQQJaKI4TzuYDUwHwwnxQ
W000812,RepAnnWagner,215485388588143,412548.0,,,02137,RepAnnWagner,1051446626.0,,UCy2v2DXXvQnbRc8Zx77Dnsg
W000817,senatorelizabethwarren,131559043673264,412542.0,,,02182,SenWarren,970207298.0,senelizabethwarren,UCTH9zV8Imw09J5bOoTR18_A
D000619,RepRodneyDavis,323631667743052,412536.0,,,02126,RodneyDavis,993153006.0,RepRodneyDavis,UCiGPTfpwRxqQp0Bam5S8zwA
S001192,RepChrisStewart,242042855928904,412581.0,repChrisStewart,,02168,RepChrisStewart,1072008757.0,repchrisstewart,UCKYqzTvmQVWys-WhrCkbyPw
B001282,RepAndyBarr,457461137635018,412541.0,,,02131,RepAndyBarr,1089334250.0,RepAndyBarr,UCVL2s6x7f7H0ZJ-uwU0pQ6Q
C001098,SenatorTedCruz,315496455229328,412573.0,,,02175,SenTedCruz,1074480192.0,sentedcruz,UCOTZ-6H1rri1lSsj6IzhUyw
D000096,280757931935749,280757931935749,400093.0,,,01477,RepDannyDavis,789244177.0,dannykdavis07,UCdhrT09_XMr31tuI8OcKsjQ
G000546,118514606128,118514606128,400158.0,,,01656,RepSamGraves,29766367.0,,
B001283,CongressmanJimBridenstine,460003650715961,412567.0,repjbridenstine,295797332.0,02155,RepJBridenstine,1092757885.0,RepJimBridenstine,UC4uUpWvIK-fiOfTG_D3rX8g
B001230,TammyBaldwin,7357041101,400013.0,,,01558,SenatorBaldwin,1074518754.0,witammybaldwin,UC_XjYCRbbI2_TDDjJidwk0Q
W000810,RepRobWoodall,172573036140374,412416.0,,,02008,RepRobWoodall,2382685057.0,RobWoodallGA07,UC7MSlu8zV6Mf8wYzek2Cb-w
W000816,RepRogerWilliams,322383274535068,412578.0,,,02165,RepRWilliams,1077446982.0,,UCBtfmMMQarjtLB9U_pWMOhw
D000598,RepSusanDavis,103767526332478,400097.0,,,01641,RepSusanDavis,432771620.0,,
D000622,CongresswomanTammyDuckworth,112300955610529,412533.0,repduckworth,1387939090.0,02123,RepDuckworth,1058520120.0,repduckworth,UCYRWRvUxtjaHnFMCbdd94tg
O000170,betoorourketx16,460776160654909,412575.0,,,02162,RepBetoORourke,1134292500.0,betoorourketx16,UClxfjz6tgqTbwYwQNy0VURg
F000463,senatordebfischer,531623656856934,412556.0,,,02179,SenatorFischer,1071402577.0,senatordebfischer,UCrbEfZaG_WhB0PBHI1hefPQ
H001068,RepHuffman,200227780116038,412511.0,,,02101,RepHuffman,1071102246.0,rephuffman,UCJU6SP1ppp1ZhSiqZLiFgDA
H001069,SenatorHeidiHeitkamp,501810613175643,412554.0,senatorheitkamp,1146260729.0,02174,SenatorHeitkamp,1061029050.0,senatorheidiheitkamp,UCsIiu6s5KJ_VYzpT_b1Jh4g
H001052,AndyHarrisMD,508912729153334,412434.0,,,02026,RepAndyHarrisMD,960962340.0,RepAndyHarris,UCvUuV7FiJfJi1yux4qozgMg
P000604,DonaldPayneJr,360976767343741,412506.0,,,02097,RepDonaldPayne,1155335864.0,,
P000608,CongressmanScottPeters,449337038470352,412523.0,,,02113,RepScottPeters,1135486501.0,,UCQK77QJxW7Xr-S3zqeMd-0g
R000598,keithrothfus,133803223451004,412570.0,,,02158,KeithRothfus,1155212191.0,reprothfus,UCPe5SCZKXEyUAMNUprj46Pg
C001091,326420614138023,326420614138023,412576.0,joaquincastrotx,378492005.0,02163,JoaquinCastrotx,231510077.0,JoaquinCastroTX,UCsRxWnFdRiV2od1O5v5nEeQ
W000815,RepBradWenstrup,124462944390458,412564.0,repbradwenstrup,305496379.0,02152,RepBradWenstrup,518644221.0,repbradwenstrup,UCaK7SeUvmHdHTMtF3HXb-jA
V000129,CongressmanDavidValadao,105596689621089,412515.0,,,02105,RepDavidValadao,1128514404.0,congressmanvaladao,UCWqOVVxQd6IV4mfYMi95LqA
S001191,CongresswomanSinema,233846963416149,412509.0,,,02099,RepSinema,1080844782.0,repsinema,UC4NzhW7D4lQdukSGWmFnK9w
C001075,,,412269.0,,,01925,,,SenatorBillCassidy,UCCEyGhUzxgkxFzWCY-rxz8g
F000372,rfrelinghuysen,191509977669708,400142.0,,,00414,USRepRodney,1382011333.0,RepFrelinghuysen,UCePp5KwEKTtu3GM6gkVIkmg
F000457,senatoralfranken,945480788871137,412378.0,,,01969,SenFranken,171968009.0,SenatorFranken,UCMFNp5ybWmz6IlSXmPacTOw
G000558,,,412278.0,,,01922,RepGuthrie,1908143071.0,BrettGuthrie,UCdJhDw-YbdH0RHfWK0sIfiw
L000578,RepLaMalfa,,412510.0,,,02100,RepLaMalfa,1069124515.0,RepLaMalfa,UCUzz1XDn862fxirervSB2Yw
C001066,USRepKathyCastor,181810465190906,412195.0,,,01839,USRepKCastor,1880674038.0,RepKathyCastor,UC_irxhmLqVenTFPxDxznG6g
K000367,,,412242.0,,,01826,,,senatorklobuchar,UCvdeJsDsV51tFb_hVqvtYGA
I000055,,,400194.0,,,01608,SenatorIsakson,78403308.0,SenatorIsakson,UCO80zDwuLZHtGr-KOfl_XCQ
C001097,repcardenas,485493954794945,412517.0,repcardenas,1483357690.0,02107,RepCardenas,1222257180.0,repcardenas,UCm6ug1-yvYGL0F6DvYxfFBA
W000799,,,412214.0,,,01856,RepTimWalz,1262814457.0,1529tjw,UCAaYwb6XgcSVZ-5s3ei2g6g
P000607,repmarkpocan,436881033058309,412585.0,repmarkpocan,1422301608.0,02171,RepMarkPocan,1206227149.0,repmarkpocan,UCz5b47WER_u3dUGV_Zi70dQ
V000130,RepJuanVargas,176942192453747,412522.0,,,02112,RepJuanVargas,1260172386.0,RepJuanVargas,UCpMthf8y7bEMJH_td0dznRQ
K000384,SenatorKaine,482778861771212,412582.0,,,02176,SenKaineOffice,1267940407.0,SenatorTimKaine,UC27LgTZlUnBQoNEQFZdn9LA
S001194,SenBrianSchatz,357806137657533,412507.0,,,02173,SenBrianSchatz,1262099252.0,senbrianschatz,UC8-mSYp2WqBiB_5iwtwKfow
S001168,RepSarbanes,,412212.0,,,,RepSarbanes,364415553.0,,
B001285,RepJuliaBrownley,330504617051234,412516.0,,,,JuliaBrownley26,1243902714.0,RepJuliaBrownley,UCFrC4Ouk5R6xQztS9PZin_A
M001184,RepThomasMassie,452480994776070,,,,02094,RepThomasMassie,975200486.0,repthomasmassie,UCpmXOtvvXC3GE8o9VxYNK7g
K000385,reprobinkelly,150380975141321,,,,02190,RepRobinKelly,1339931490.0,,UCLhcNPX2nNQLNzwKW0nEykg
G000555,KirstenGillibrand,,,,,01866,SenGillibrand,,KirstenEGillibrand,UCVEloQogVsmnkd5vxJInmYg
R000584,,,412322.0,,,01896,SenatorRisch,1096059529.0,SenatorJamesRisch,UCncKW8xyT5UbPNO27YuQnBA
B001281,RepJoyceBeatty,,412565.0,repbeatty,554027718.0,02153,RepBeatty,1531521632.0,,UCtVl3kb7Xvt3pY7l6x-M6LA
S000051,RepSanfordSC,118387985037658,400607.0,,,01012,RepSanfordSC,1499993378.0,RepSanfordSC,UCS33edNAxXe2pyFbnUUcZWA
S001195,repjasonsmith,544741092252764,412596.0,,,02191,RepJasonSmith,1623308912.0,RepJasonSmith,UCzj9-27Lr4gcqopmZAobXXg
S000522,RepChrisSmith,371621772908416,400380.0,,,01071,RepChrisSmith,1289319271.0,USRepChrisSmith,UCtCNUDo3-I1gsd_03ppDfZg
M001169,chrismurphyct,19437978960,412194.0,,,01837,ChrisMurphyCT,150078976.0,senchrismurphy,UCbcEa40PIFpLpdDe06n3F3Q
B001288,,,412598.0,,,02194,CoryBooker,2167097881.0,SenCoryBooker,UC6FlymqNS1VettnVZa7goPA
C001101,CongresswomanClark,1408040802774787,412600.0,,,02196,RepKClark,2293131060.0,,UCgaI52w7QKI8LtkSeCCmSuw
B001289,RepByrne,1374832002773142,412601.0,repbyrne,944262792.0,02197,RepByrne,2253968388.0,,UCRUXmqQbrKo0T6xi_GT7TEA
N000189,RepNewhouse,,412660.0,,,02275,RepNewhouse,2930635215.0,,
J000297,RepEvanJenkins,,412663.0,RepEvanJenkins,,02278,RepEvanJenkins,2953713339.0,,
R000601,RepRatcliffe,,412653.0,rep_ratcliffe,1679501092.0,02268,RepRatcliffe,2847221717.0,,
L000583,reploudermilk,,412624.0,,,02238,RepLoudermilk,2914163523.0,,
C001103,congressmanbuddycarter,,412622.0,,,02236,RepBuddyCarter,2973870195.0,,
C001107,repcurbelo,,412621.0,,,02235,RepCurbelo,2853309155.0,,
M001193,CongressmanTomMacArthur,,412643.0,,,02258,RepTomMacArthur,2962994194.0,,
B001295,RepBost,,412629.0,,,02243,RepBost,2964877294.0,,
A000370,CongresswomanAdams,,412607.0,,,02201,RepAdams,2916086925.0,,
C001105,RepBarbaraComstock,,412658.0,,,02273,RepComstock,2933760046.0,,
P000611,RepPoliquin,,412633.0,,,02247,RepPoliquin,2932617195.0,,
M001194,RepMoolenaar,,412634.0,,,02248,RepMoolenaar,2696643955.0,,
S001196,RepEliseStefanik,,412648.0,,,02263,RepStefanik,2962813893.0,,
C001106,CongressmanRyanCostello,,412651.0,RepRyanCostello,,02266,RepRyanCostello,2953922782.0,,
R000603,1579216395649220,1579216395649220,412641.0,,,02256,RepDavidRouzer,834069080.0,,
P000609,USRepresentativeGaryPalmer,,412608.0,usrepgarypalmer,1551536636.0,02221,USRepGaryPalmer,2861616083.0,,
M001197,RepMcSally,,412611.0,,,02225,RepMcSally,2964949642.0,,
E000294,reptomemmer,,412639.0,reptomemmer,1565640999.0,02253,RepTomEmmer,2914515430.0,,
R000604,reprussell,,412650.0,,,02265,RepRussell,2966758114.0,,
A000374,CongressmanRalphAbraham,,412630.0,,,02244,RepAbraham,2962891515.0,,
Y000066,RepDavidYoung,,412628.0,,,02242,RepDavidYoung,314205957.0,,
Z000017,RepLeeZeldin,,412646.0,,,02261,RepLeeZeldin,2750127259.0,,
K000386,RepJohnKatko,,412649.0,,,02264,RepJohnKatko,2966765501.0,,
Z000018,CongressmanRyanZinke,,412640.0,,,02254,RepRyanZinke,2953494478.0,,
W000821,RepWesterman,,412610.0,,,02224,RepWesterman,2852998461.0,,
H001072,RepFrenchHill,,412609.0,,,02223,RepFrenchHill,2953974395.0,,
B001291,RepBrianBabin,,412655.0,,,02270,RepBrianBabin,2929491549.0,,
M001195,CongressmanAlexMooney,,412662.0,,,02277,RepAlexMooney,2964526557.0,,
T000475,CongressmanDaveTrott,,412636.0,,,02250,repdavetrott,2869746172.0,,
B001297,repkenbuck,,412619.0,,,02233,RepKenBuck,2862577383.0,,
B001294,congressmanrodblum,,412627.0,,,02241,RepRodBlum,2965083477.0,,
B001293,RepMikeBishop,,412635.0,,,02249,RepMikeBishop,2914571740.0,,
R000602,RepKathleenRice,,412647.0,,,02262,RepKathleenRice,2970462034.0,,
D000624,RepDebbieDingell,,412637.0,,,02251,RepDebDingell,2970279814.0,,
T000474,RepNormaTorres,,412617.0,,,02231,NormaJTorres,236279233.0,,
S001197,SenatorSasse,,412671.0,senatorsasse,1636974433.0,02289,SenSasse,2962923040.0,,
K000387,RepresentativeSteveKnight,,412614.0,,,02228,SteveKnight25,2974648323.0,,
S001198,SenDanSullivan,,412665.0,sen_dansullivan,1660873387.0,02290,SenDanSullivan,2891210047.0,,
L000584,repmialove,,412656.0,,,02271,repmialove,2976598347.0,,
A000372,CongressmanRickAllen,,412625.0,reprickallen,1666787116.0,02239,reprickallen,2964287128.0,,
R000605,SenatorMikeRounds,,412669.0,,,02288,SenatorRounds,2955485182.0,,
W000820,RepMimiWalters,,412618.0,rep_mimiwalters,301820337.0,02232,RepMimiWalters,47798449.0,,
B001296,CongressmanBoyle,,412652.0,,,02267,RepBrendanBoyle,231108733.0,,
H001071,CongressmanJodyHice,,412623.0,,,02237,congressmanhice,2975091705.0,,
A000371,reppeteaguilar,,412615.0,,,02229,reppeteaguilar,3018670151.0,,
G000574,RepRubenGallego,,412612.0,,,02226,RepRubenGallego,2966570782.0,,
P000612,SenatorDavidPerdue,311482539049477,412666.0,sendavidperdue,1650058430.0,02286,sendavidperdue,2863210809.0,,
P000610,repstaceyplaskett,665951613514437,412659.0,,,02274,staceyplaskett,2724095695.0,,
W000822,RepBonnieWatsonColeman,1398082073827493,412644.0,,,02259,RepBonnie,2968451607.0,,UCrxEaX0VKZKwg3930du2D5A
H001073,HurdOnTheHill,,412654.0,,,02269,hurdonthehill,2963445730.0,,
L000582,RepTedLieu,,412616.0,,,02230,RepTedLieu,3044993235.0,,
G000577,CongressmanGarretGraves,,412631.0,,,02245,RepGarretGraves,2951574214.0,,
D000623,RepMarkDeSaulnier,,412613.0,,,02227,RepDeSaulnier,2968007206.0,,
W000819,RepMarkWalker,,412670.0,repmarkwalker,1638422078.0,02255,RepMarkWalker,2966205003.0,,
M001196,CongressmanSethMoulton,,412632.0,,,02246,teammoulton,3091316093.0,,
B001292,repdonbeyer,,412657.0,,,02272,repdonbeyer,2962868158.0,,
G000576,RepGrothman,,412661.0,,,02276,RepGrothman,2976606250.0,,
N000188,DonaldNorcrossNJ,,412606.0,donald_norcross,,02202,DonaldNorcross,3122099613.0,,UC7kXK_PyDiOT8YrdP0jYZHw
L000581,395759603917487,395759603917487,412638.0,,,02252,RepLawrence,2863006655.0,,
B001290,RepDaveBrat,,412605.0,,,02203,RepDaveBrat,2560169238.0,,
K000388,reptrentkelly,,412673.0,,,,reptrentkelly,3317799825.0,,
R000409,RepRohrabacher,321029601363321,400343.0,,,00979,,,RepDanaRohrabacher,UCFr7qO61vGJyyBJ7B_gB1_Q
D000625,Rep-Daniel-M-Donovan-867632656644580,867632656644580,412672.0,,,02293,RepDanDonovan,3353670647.0,,
L000585,replahood,1499570210366431,412674.0,,,02295,RepLaHood,3686482216.0,,UCVRbtFwaBGcixZIkygtalRw
